<theme>

    <view name="system, gamelist">
        <image name="topline">
            <size>0.8 2.2</size>
            <pos>0.009 0.5</pos>
            <origin>0.5 0.5</origin>
            <path>./assets/circle.svg</path>
            <tile>false</tile>
            <color>${outlineColor1}</color>
        </image>
        <image name="topline2">
            <size>0.8 2</size>
            <pos>-.283 0.5</pos>
            <origin>0.5 0.5</origin>
            <path>./assets/circle.svg</path>
            <tile>false</tile>
            <color>${outlineColor1}</color>
        </image>
        <image name="controller">
            <pos>0.042 0.305</pos>
            <maxSize>0.07 0.07</maxSize>
            <origin>0.5 0.5</origin>
            <path>./assets/controllers/${system.theme}.svg</path>
            <tile>false</tile>
            <color>${outlineColor1}</color>
            <zIndex>54</zIndex>
          </image>

        
          <image name="controller1">
            <pos>0.042 0.695</pos>
            <maxSize>0.07 0.08</maxSize>
            <origin>0.5 0.5</origin>
            <rotation>180</rotation>
            <path>./assets/controllers/${system.theme}.svg</path>
            <tile>false</tile>
            <color>${outlineColor1}</color>
            <zIndex>54</zIndex>
          </image>
    </view>
   

    <view name="gamelist">
        <text name="collectionsSystemName">
           <fontSize>0.025</fontSize>
        </text>
        <text name="player1">
			<metadata>players</metadata>
			<fontPath>${mainFont}</fontPath>
			<fontSize>0.03</fontSize>
			<color>${outlineColor1}</color>
			<pos>0.78 0.33</pos>
		</text>
        <rating name="rating">
            <pos>0.87 0.335</pos>
            <size>0.08 0.03</size>
        </rating>
    </view>
       
</theme>