<!--
   
-->

<theme>
	<include>./navigationsounds.xml</include>
	<include>./colors.xml</include>
	<include>./sysinfo/${system.theme}.xml</include>

	<aspectRatio name="4:3">
		<include>./4-3.xml</include>
	</aspectRatio>
	
	<aspectRatio name="16:10">
		<include>./16-10.xml</include>
	</aspectRatio>
	
	<aspectRatio name="21:9">
		<include>./21-9.xml</include>
	</aspectRatio>

    <variables>
       	<mainFont>./assets/fonts/rost.otf</mainFont>
    </variables>

		<view name="system, gamelist">
			<image name="background">
            	<pos>0 0</pos>
            	<size>1 1</size>
            	<origin>0 0</origin>
            	<path>./assets/box.png</path>
            	<tile>false</tile>
            	<color>${backgroundColor}</color>
            	<zIndex>0</zIndex>
      		</image>
			<image name="background2">
				<pos>0 0.05</pos>
				<size>1 .2</size>
				<origin>0 0</origin>
				<path>./assets/box.png</path>
				<tile>false</tile>
				<color>${backgroundColor}00</color>
				<colorEnd>${backgroundColor}</colorEnd>
				<gradientType>vertical</gradientType>
				<zIndex>3</zIndex>
			</image>
			<image name="background3">
				<pos>0 0.25</pos>
				<size>1 .2</size>
				<origin>0 0</origin>
				<path>./assets/box.png</path>
				<tile>false</tile>
				<color>${backgroundColor}</color>
				<gradientType>vertical</gradientType>
				<zIndex>3</zIndex>
	 		</image>
			 <image name="background4">
				<pos>0 0.75</pos>
				<size>1 .2</size>
				<origin>0 0</origin>
				<path>./assets/box.png</path>
				<tile>false</tile>
				<color>${backgroundColor}</color>
				<colorEnd>${backgroundColor}00</colorEnd>
				<gradientType>vertical</gradientType>
				<zIndex>3</zIndex>
			</image>
			<image name="background5">
				<pos>0 0.55</pos>
				<size>1 .2</size>
				<origin>0 0</origin>
				<path>./assets/box.png</path>
				<tile>false</tile>
				<color>${backgroundColor}</color>
				<gradientType>vertical</gradientType>
				<zIndex>3</zIndex>
	 		</image>
			 <image name="topline">
            	<size>0.8 2.2</size>
				<pos>0.007 0.5</pos>
            	<origin>0.5 0.5</origin>
            	<path>./assets/circle.svg</path>
            	<tile>false</tile>
            	<color>${outlineColor1}</color>
        	</image>
			<image name="topline2">
            	<size>0.8 2</size>
				<pos>-.28 0.5</pos>
            	<origin>0.5 0.5</origin>
            	<path>./assets/circle.svg</path>
            	<tile>false</tile>
            	<color>${outlineColor1}</color>
        	</image>
			<image name="topline3">
            	<size>0.6 1</size>
				<pos>0.3 0.5</pos>
            	<origin>0.5 0.5</origin>
            	<path>./assets/circle2.svg</path>
            	<tile>false</tile>
            	<color>${backgroundColor}</color>
				<zIndex>3</zIndex>
        	</image>
			<image name="controller">
            	<pos>0.043 0.305</pos>
            	<maxSize>0.07 0.07</maxSize>
            	<origin>0.5 0.5</origin>
            	<path>./assets/controllers/${system.theme}.svg</path>
            	<tile>false</tile>
            	<color>${outlineColor1}</color>
            	<zIndex>54</zIndex>
      		</image>
			<image name="controller1">
            	<pos>0.043 0.695</pos>
            	<maxSize>0.07 0.08</maxSize>
            	<origin>0.5 0.5</origin>
				<rotation>180</rotation>
            	<path>./assets/controllers/${system.theme}.svg</path>
            	<tile>false</tile>
            	<color>${outlineColor1}</color>
            	<zIndex>54</zIndex>
      		</image>
			  <helpsystem name="help">
				<pos>0.98 0.3</pos>
				<origin>1 0.5</origin>
				<textColor>${outlineColor1}</textColor>
				<textColorDimmed>${outlineColor1}</textColorDimmed>
				<iconColor>${outlineColor1}</iconColor>
				<iconColorDimmed>${outlineColor1}</iconColorDimmed>
				<fontPath>${mainFont}</fontPath>
				<fontSize>0.02</fontSize>
				<opacity>0.6</opacity>
				<letterCase>capitalize</letterCase>
			  </helpsystem>
		</view>

    	<view name="system">   
			<carousel name="game_carousel">
				<pos>-.005 0</pos>
				<size>0.5 1.</size>
				<itemSize>0.12 0.1</itemSize>
				<itemRotation>8</itemRotation>
				<type>verticalWheel</type>
				<itemScale>2</itemScale>
				<staticImage>./assets/syslogo/${system.theme}.svg</staticImage>
				<imageColor>${outlineColor1}</imageColor>
				<itemRotationOrigin>-5 0.5</itemRotationOrigin>
				<systemNameSuffix>false</systemNameSuffix>
				<itemHorizontalAlignment>center</itemHorizontalAlignment>
				<unfocusedItemOpacity>0.3</unfocusedItemOpacity>
				<color>00000000</color>
				<textBackgroundColor>00000000</textBackgroundColor>
				<!-- Placeholder text -->
				<text>${system.fullName}</text>
				<textColor>${outlineColor1}</textColor>
				<fontPath>${mainFont}</fontPath>
				<fontSize>0.02</fontSize>
				<letterCase>none</letterCase>
				<lineSpacing>1</lineSpacing>
				<zIndex>50</zIndex>
			</carousel>
			<gameselector name="select">
				<selection>random</selection>
				<gameCount>10</gameCount>
			</gameselector>
			<text name="info1, info2, info3, info4, info5, info6, info7, info8, info9, info10">
				<size>0.6 0.03</size>
				<fontPath>${mainFont}</fontPath>
				<fontSize>0.035</fontSize>
				<horizontalAlignment>left</horizontalAlignment>
				<color>${outlineColor1}</color>
			</text>
			<text name="info1">
				<pos>0.45 0.35</pos>
			</text>
			<text name="info2">
				<pos>0.45 0.385</pos>
			</text>
			<text name="info3">
				<pos>0.45 0.42</pos>
			</text>
			<text name="info4">
				<pos>0.45 0.455</pos>
			</text>
			<text name="info5">
				<pos>0.45 0.49</pos>
			</text>
			<text name="info6">
				<pos>0.45 0.525</pos>
			</text>
			<text name="info7">
				<pos>0.45 0.56</pos>
			</text>
			<text name="info8">
				<pos>0.45 0.595</pos>
			</text>
			<text name="info9">
				<pos>0.45 0.63</pos>
			</text>
			<text name="info10">
				<pos>0.45 0.665</pos>
			</text>
			<text name="gamecount">
				<pos>0.03 0.5</pos>
				<origin>0.5 0.5</origin>
				<rotation>-90</rotation>
            	<size>0.25 0.11</size>
				<systemdata>gamecountGames</systemdata>
				<fontPath>${mainFont}</fontPath>
				<fontSize>0.06</fontSize>
				<horizontalAlignment>center</horizontalAlignment>
				<color>${outlineColor1}</color>
			</text>
			<text name="gamecount2">
				<pos>0.06 0.5</pos>
				<origin>0.5 0.5</origin>
				<rotation>-90</rotation>
            	<size>0.25 0.11</size>
				<systemdata>gamecountFavorites</systemdata>
				<fontPath>${mainFont}</fontPath>
				<fontSize>0.06</fontSize>
				<horizontalAlignment>center</horizontalAlignment>
				<color>${outlineColor1}</color>
			</text>
			<image name="cover1">
				<pos>0.4 0.13</pos>
				<origin>.5 0.5</origin>
				<size>.2 0.3</size>
				<tile>true</tile>
				<tileSize>0 0.1</tileSize>
				<imageType>screenshot</imageType>
				<gameselectorEntry>1</gameselectorEntry>
				<zIndex>2</zIndex>
			</image>
			<image name="cover2">
				<pos>0.6 0.13</pos>
				<origin>.5 0.5</origin>
				<size>.2 0.3</size>
				<tile>true</tile>
				<tileSize>0 0.1</tileSize>
				<imageType>screenshot</imageType>
				<gameselectorEntry>2</gameselectorEntry>
				<zIndex>2</zIndex>
			</image>
			<image name="cover3">
				<pos>0.8 0.13</pos>
				<origin>.5 0.5</origin>
				<size>.2 0.3</size>
				<tile>true</tile>
				<tileSize>0 0.1</tileSize>
				<imageType>screenshot</imageType>
				<gameselectorEntry>3</gameselectorEntry>
				<zIndex>2</zIndex>
			</image>
			<image name="cover4">
				<pos>0.2 0.13</pos>
				<origin>.5 0.5</origin>
				<size>.2 0.3</size>
				<tile>true</tile>
				<tileSize>0 0.1</tileSize>
				<imageType>screenshot</imageType>
				<gameselectorEntry>4</gameselectorEntry>
				<zIndex>2</zIndex>
			</image>
			<image name="cover5">
				<pos>1 0.13</pos>
				<origin>.5 0.5</origin>
				<size>.2 0.3</size>
				<tile>true</tile>
				<tileSize>0 0.1</tileSize>
				<imageType>screenshot</imageType>
				<gameselectorEntry>5</gameselectorEntry>
				<zIndex>2</zIndex>
			</image>
			<image name="cover6">
				<pos>0 0.13</pos>
				<origin>.5 0.5</origin>
				<size>.2 0.3</size>
				<tile>true</tile>
				<tileSize>0 0.1</tileSize>
				<imageType>screenshot</imageType>
				<gameselectorEntry>5</gameselectorEntry>
				<zIndex>2</zIndex>
			</image>
			<image name="cover7">
				<pos>0.4 0.87</pos>
				<origin>.5 0.5</origin>
				<size>.2 0.3</size>
				<tile>true</tile>
				<tileSize>0 0.1</tileSize>
				<imageType>screenshot</imageType>
				<gameselectorEntry>7</gameselectorEntry>
				<zIndex>2</zIndex>
			</image>
			<image name="cover8">
				<pos>0.6 0.87</pos>
				<origin>.5 0.5</origin>
				<size>.2 0.3</size>
				<tile>true</tile>
				<tileSize>0 0.1</tileSize>
				<imageType>screenshot</imageType>
				<gameselectorEntry>8</gameselectorEntry>
				<zIndex>2</zIndex>
			</image>
			<image name="cover9">
				<pos>0.8 1</pos>
				<origin>.5 1</origin>
				<size>.2 0.3</size>
				<tile>true</tile>
				<tileSize>0 0.1</tileSize>
				<imageType>screenshot</imageType>
				<gameselectorEntry>9</gameselectorEntry>
				<zIndex>2</zIndex>
			</image>
			<image name="cover10">
				<pos>0.2 0.87</pos>
				<origin>.5 0.5</origin>
				<size>.2 0.3</size>
				<tile>true</tile>
				<tileSize>0 0.1</tileSize>
				<imageType>screenshot</imageType>
				<gameselectorEntry>10</gameselectorEntry>
				<zIndex>2</zIndex>
			</image>
			<image name="cover11">
				<pos>1 0.87</pos>
				<origin>.5 0.5</origin>
				<size>.2 0.3</size>
				<tile>true</tile>
				<tileSize>0 0.1</tileSize>
				<imageType>screenshot</imageType>
				<gameselectorEntry>6</gameselectorEntry>
				<zIndex>2</zIndex>
			</image>
			<image name="cover12">
				<pos>0 0.87</pos>
				<origin>.5 0.5</origin>
				<size>.2 0.3</size>
				<tile>true</tile>
				<tileSize>0 0.1</tileSize>
				<imageType>screenshot</imageType>
				<gameselectorEntry>6</gameselectorEntry>
				<zIndex>2</zIndex>
			</image>	        	
    	</view>

    	<view name="gamelist">
			<carousel name="game_carousel">
				<pos>-.03 0</pos>
				<size>0.55 1.</size>
				<itemSize>0.2 0.15</itemSize>
				<imageType>none</imageType>
				<itemRotation>5</itemRotation>
				<type>verticalWheel</type>
				<itemScale>1.35</itemScale>
				<itemRotationOrigin>-4 0.5</itemRotationOrigin>				
				<systemNameSuffix>false</systemNameSuffix>
				<itemHorizontalAlignment>center</itemHorizontalAlignment>
				<unfocusedItemOpacity>0.3</unfocusedItemOpacity>
				<color>00000000</color>
				<textBackgroundColor>00000000</textBackgroundColor>
				<!-- Placeholder text -->
				<text>${system.fullName}</text>
				<textColor>${outlineColor1}</textColor>
				<fontPath>${mainFont}</fontPath>
				<fontSize>0.04</fontSize>
				<letterCase>none</letterCase>
				<lineSpacing>1</lineSpacing>
				<zIndex>50</zIndex>
			</carousel>
			<image name="cover1">
				<pos>0.4 0.13</pos>
				<origin>.5 0.5</origin>
				<size>.2 0.3</size>
				<imageType>screenshot</imageType>
				<zIndex>2</zIndex>
			</image>
			<image name="cover2">
				<pos>0.6 0.13</pos>
				<origin>.5 0.5</origin>
				<size>.2 0.3</size>
				<imageType>titlescreen, screenshot</imageType>
				<zIndex>2</zIndex>
				</image>
			
			<image name="cover5">
				<pos>1 0.13</pos>
				<origin>.5 0.5</origin>
				<size>.2 0.3</size>
				<imageType>fanart, cover</imageType>
				<zIndex>2</zIndex>
			</image>
			<image name="cover6">
				<pos>0 0.13</pos>
				<origin>.5 0.5</origin>
				<size>.2 0.3</size>
				<imageType>fanart, cover</imageType>
				<zIndex>2</zIndex>
			</image>			
			<image name="cover7">
				<pos>0.4 0.87</pos>
				<origin>.5 0.5</origin>
				<size>.2 0.3</size>
				<imageType>screenshot</imageType>
				<zIndex>2</zIndex>
			</image>
			<image name="cover8">
				<pos>0.6 0.87</pos>
				<origin>.5 0.5</origin>
				<size>.2 0.3</size>
				<imageType>titlescreen, screenshot</imageType>
				<zIndex>2</zIndex>
			</image>
						
			<image name="cover11">
				<pos>1 0.87</pos>
				<origin>.5 0.5</origin>
				<size>.2 0.3</size>
				<imageType>fanart, cover</imageType>
				<zIndex>2</zIndex>
			</image>
			<image name="cover12">
				<pos>0 0.87</pos>
				<origin>.5 0.5</origin>
				<size>.2 0.3</size>
				<imageType>fanart, cover</imageType>
				<zIndex>2</zIndex>
			</image>			
      		<image name="Syslogo">
				<path>./assets/syslogo/${system.theme}.svg</path>
            	<pos>0.047 0.5</pos>
				<origin>0.5 0.5</origin>
				<rotation>-90</rotation>
            	<maxSize>0.17 0.11</maxSize>
				<color>${outlineColor1}</color>
			</image>
			<image name="md_cover">
				<pos>0.52 0.5</pos>
				<maxSize>0.24 0.3</maxSize>
				<origin>0.5 0.5</origin>
				<imageType>cover</imageType>
				<tile>true</tile>
			</image>  
			<text name="player1">
				<metadata>players</metadata>
				<fontPath>${mainFont}</fontPath>
				<fontSize>0.03</fontSize>
				<color>${outlineColor1}</color>
				<pos>0.76 0.33</pos>
			</text>
			<text name="player2">
				<text>Number of players:</text>
				<metadataElement>true</metadataElement>
				<fontPath>${mainFont}</fontPath>
				<fontSize>0.03</fontSize>
				<color>${outlineColor1}</color>
				<pos>0.65 0.33</pos>
			</text>
			<text name="description1">
				<size>0.33 0.3</size>
				<metadata>description</metadata>
				<fontPath>${mainFont}</fontPath>
				<fontSize>0.035</fontSize>
				<lineSpacing>1</lineSpacing>
				<color>${outlineColor1}</color>
				<pos>0.65 0.38</pos>
			</text>
			<text name="collectionsSystemName">
				<pos>0.07 0.5</pos>
				<origin>0.5 0.5</origin>
				<rotation>-90</rotation>
            	<size>0.18 0.11</size>
				<systemNameSuffix>true</systemNameSuffix>
				<fontPath>${mainFont}</fontPath>
				<fontSize>0.03</fontSize>
				<horizontalAlignment>center</horizontalAlignment>
				<color>${outlineColor1}</color>
				<zIndex>50</zIndex>
			</text>
			<badges name="all">
				<pos>0.44 0.66</pos>
				<size>0.47 0.12</size>
				<horizontalAlignment>center</horizontalAlignment>
				<direction>row</direction>
				<lines>1</lines>
				<itemsPerLine>8</itemsPerLine>
				<slots>controller, completed, favorite, altemulator, kidgame, collection, folder</slots>
				<controllerPos>0.51 0.415</controllerPos>
				<controllerSize>0.85</controllerSize>
				<folderLinkSize>0.85 0.9</folderLinkSize>
				<folderLinkPos>0.47 0.48</folderLinkPos>
				<customFolderLinkIcon>./assets/badges/link.png</customFolderLinkIcon>
				<customBadgeIcon badge="folder">./assets/badges/folder.png</customBadgeIcon>
				<customBadgeIcon badge="broken">./assets/badges/broken.png</customBadgeIcon>
				<customBadgeIcon badge="kidgame">./assets/badges/kid.png</customBadgeIcon>
				<customBadgeIcon badge="collection">./assets/badges/collect.png</customBadgeIcon>
				<customBadgeIcon badge="altemulator">./assets/badges/alt.png</customBadgeIcon>
				<customBadgeIcon badge="favorite">./assets/badges/fave.png</customBadgeIcon>
				<customBadgeIcon badge="completed">./assets/badges/complete.png</customBadgeIcon>
				<customBadgeIcon badge="controller">./assets/badges/control.png</customBadgeIcon>   
			</badges>
			<rating name="rating">
				<pos>0.885 0.335</pos>
				<size>0.08 0.03</size>
				<interpolation>nearest</interpolation>
            	<color>${outlineColor1}</color>
            	<filledPath>./assets/rating_filled.svg</filledPath>
            	<unfilledPath>./assets/rating_empty.svg</unfilledPath>
			</rating>
  		</view>
	<variant name="withVideo">
		<view name="gamelist">
			<video name="cover3">
				<pos>0.8 0</pos>
				<origin>.5 0</origin>
				<maxSize>.2 0.3</maxSize>
				<audio>false</audio>
				<imageType>physicalmedia, screenshot</imageType>
				<zIndex>2</zIndex>
			</video>
			<video name="cover9">
				<pos>0.8 1</pos>
				<origin>.5 1</origin>
				<maxSize>.2 0.3</maxSize>
				<imageType>physicalmedia, screenshot</imageType>
				<zIndex>2</zIndex>
			</video>
		</view>
	</variant>
	<variant name="withoutVideo">
		<view name="gamelist">
			<image name="cover3">
				<pos>0.8 0</pos>
				<origin>.5 0</origin>
				<maxSize>.2 0.3</maxSize>
				<imageType>physicalmedia, screenshot</imageType>
				<zIndex>2</zIndex>
			</image>
			<image name="cover9">
				<pos>0.8 1</pos>
				<origin>.5 1</origin>
				<maxSize>.2 0.3</maxSize>
				<imageType>physicalmedia, screenshot</imageType>
				<zIndex>2</zIndex>
			</image>
		</view>
	</variant>
</theme>