<theme>
    <view name="system">
        <text name="info1">
            <text>Manufacturer:  Atari, Inc.</text>
        </text>
        <text name="info2">
            <text>Released:  1982</text>
        </text>
        <text name="info3">
            <text>Units sold:  1 million</text>
        </text>
        <text name="info4">
            <text>CPU:  8-bit MOS Technology 6502C @ 1.79 MHz</text>
        </text>
        <text name="info5">
            <text>RAM:  16 KB</text>
        </text>
        <text name="info6">
            <text>ROM:  2 KB on-board BIOS + 32 KB window for standard game cartridges</text>
        </text>
        <text name="info7">
            <text>Display:  320×192 pixels, 256 colors</text>
        </text>
        <text name="info8">
            <text>Sound:  4-channel POKEY chip</text>
        </text>
    </view>
</theme>