<theme>
    <view name="system">
        <text name="info1">
            <text>Manufacturer:  Fairchild Semiconductor</text>
        </text>
        <text name="info2">
            <text>Released:  1976</text>
        </text>
        <text name="info3">
            <text>Units sold:  250,000</text>
        </text>
        <text name="info4">
            <text>CPU:  8-bit Fairchild F8 @ 1.77 MHz (PAL) / 1.79 MHz (NTSC)</text>
        </text>
        <text name="info5">
            <text>RAM:  64 bytes / VRAM:  2 KB</text>
        </text>
        <text name="info6">
            <text>Resolution:  128×64 pixels, 8 colors</text>
        </text>
        <text name="info7">
            <text>Sound:  500 Hz, 1 kHz and 1.5 kHz tones (can be modulated)</text>
        </text>
        <text name="info8">
            <text>Media:  Cartridge</text>
        </text>
    </view>
</theme>