<theme>
    <view name="system">
        <text name="info1">
            <text>Manufacturer:  Fujitsu</text>
        </text>
        <text name="info2">
            <text>Released:  1989</text>
        </text>
        <text name="info3">
            <text>The Fujitsu FM Towns series of computers were produced</text>
        </text>
        <text name="info4">
            <text>between 1989 and 1997. They started as a proprietary PC</text>
        </text>
        <text name="info5">
            <text>variant intended for multimedia applications and games</text>
        </text>
        <text name="info6">
            <text>but later became more compatible with IBM PCs. In 1993</text>
        </text>
        <text name="info7">
            <text>the FM Towns Marty was released, a game console</text>
        </text>
        <text name="info8">
            <text>compatible with existing FM Towns games.</text>
        </text>
    </view>
</theme>