<theme>
    <view name="system">
        <text name="info1">
            <text>Manufacturer:  Amstrad</text>
        </text>
        <text name="info2">
            <text>Released:  1990</text>
        </text>
        <text name="info3">
            <text>CPU:  8-bit Zilog Z80A @ 4 MHz</text>
        </text>
        <text name="info4">
            <text>RAM:  64 KB / VRAM:  16 KB</text>
        </text>
        <text name="info5">
            <text>ROM:  32 KB</text>
        </text>
        <text name="info6">
            <text>Resolution:  160×200 to 640×200 pixels, 32 colours (4096 colour palette)</text>
        </text>
        <text name="info7">
            <text>Sound:  General Instrument AY-3-8912, 3 channels, stereo</text>
        </text>
    </view>
</theme>