<theme>
    <view name="system">
        <text name="info1">
            <text>Manufacturer:  Sega</text>
        </text>
        <text name="info2">
            <text>Released:  1985</text>
        </text>
        <text name="info3">
            <text>Units sold:  18 to 21 million (incl. Tectoy variants)</text>
        </text>
        <text name="info4">
            <text>Best-selling game:  Alex Kidd in Miracle World</text>
        </text>
        <text name="info5">
            <text>CPU:  8-bit Zilog Z80 @ 3.58 MHz</text>
        </text>
        <text name="info6">
            <text>RAM:  8 KB / VRAM:  16 KB</text>
        </text>
        <text name="info7">
            <text>Graphics:  Sega VDP (custom TI TMS9918)</text>
        </text>
        <text name="info8">
            <text>Resolution:  256×192 pixels, 32 colors (64 color palette)</text>
        </text>
        <text name="info9">
            <text>Sound:  TI SN76489 PSG, YM2413 FM add-on module</text>
        </text>
        <text name="info10">
            <text>Cart size:  32 KB to 1 MB</text>
        </text>
    </view>
</theme>