<theme>
    <view name="system">
        <text name="info1">
            <text>Created by:  Case Western Reserve University students</text>
        </text>
        <text name="info2">
            <text>Ported to Linux by:  irtimmer</text>
        </text>
        <text name="info3">
            <text>Type:  Open Source implementation</text>
        </text>
        <text name="info4">
            <text>Initial release:  2013</text>
        </text>
        <text name="info5">
            <text>PC compatibility:  GFA PC with GTX 600/700/900/ ... GPU</text>
        </text>
        <text name="info6">
            <text>Necessary soft:  Nvidia GeForce Experience</text>
        </text>
        <text name="info7">
            <text>Moonlight allows you to stream your collection of Steam games</text>
        </text>
        <text name="info8">
            <text>from your NVIDIA GFE PC to your rpi.</text>
        </text>
        <text name="info9">
            <text>Moonlight is perfect for gameplay on the go without</text>
        </text>
        <text name="info10">
            <text>sacrificing the graphics quality of your gaming computer.</text>
        </text>
    </view>
</theme>