<theme>
    <view name="system">
        <text name="info1">
            <text>Manufacturer:  SNK</text>
        </text>
        <text name="info2">
            <text>Released:  1994</text>
        </text>
        <text name="info3">
            <text>Units sold:  570,000</text>
        </text>
        <text name="info4">
            <text>CPU:  16-bit Motorola 68000 @ 12 MHz + 8-bit Zilog Z80A @ 4 MHz</text>
        </text>
        <text name="info5">
            <text>RAM:  7 MB</text>
        </text>
        <text name="info6">
            <text>Resolution:  320×224 pixels, 4096 colors (65536 color palette)</text>
        </text>
        <text name="info7">
            <text>Sound:  Yamaha YM2610</text>
        </text>
    </view>
</theme>