<theme>
    <view name="system">
        <text name="info1">
            <text>Manufacturer:  NEC Home Electronics</text>
        </text>
        <text name="info2">
            <text>Released:  1994</text>
        </text>
        <text name="info3">
            <text>Units sold:  400,000</text>
        </text>
        <text name="info4">
            <text>CPU:  32-bit NEC V810 @ 21.5 MHz</text>
        </text>
        <text name="info5">
            <text>RAM:  2 MB (32 KB backup) / VRAM:  1.25 MB</text>
        </text>
        <text name="info6">
            <text>Resolution:  640×480 pixels</text>
        </text>
        <text name="info7">
            <text>Sound:  16-bit stereo with ADPCM</text>
        </text>
        <text name="info8">
            <text>Media:  CD-ROM</text>
        </text>
    </view>
</theme>