<theme>
    <view name="system">
        <text name="info1">
            <text>Manufacturer:  Sony Electronics</text>
        </text>
        <text name="info2">
            <text>Released:  2000</text>
        </text>
        <text name="info3">
            <text>Units sold:  155 million</text>
        </text>
        <text name="info4">
            <text>Best-selling game:  Grand Theft Auto: San Andreas</text>
        </text>
        <text name="info5">
            <text>CPU:  MIPS R5900-based "Emotion Engine" @ 294 to 299 MHz</text>
        </text>
        <text name="info6">
            <text>RAM:  32 MB RDRAM @ 400 MHz / VRAM:  4 MB</text>
        </text>
        <text name="info7">
            <text>Graphics:  Sony "Graphics Synthesizer" @ 149 MHz</text>
        </text>
        <text name="info8">
            <text>Resolution:  256×224 to 1920×1080 pixels</text>
        </text>
        <text name="info9">
            <text>Media:  DVD, CD-ROM</text>
        </text>
    </view>
</theme>