<theme>
    <view name="system">
        <text name="info1">
            <text>Manufacturer:  Nintendo</text>
        </text>
        <text name="info2">
            <text>Released:  1995</text>
        </text>
        <text name="info3">
            <text>Units sold:  2 million</text>
        </text>
        <text name="info4">
            <text>Media:  BS-X Application Cartridge + optional 8 MB Memory Pak</text>
        </text>
        <text name="info5">
            <text>The Satellaview is a satellite modem peripheral for Nintendo's</text>
        </text>
        <text name="info6">
            <text>Super Famicom system. Bundled with the Satellaview</text>
        </text>
        <text name="info7">
            <text>came a slotted application cartridge with the title</text>
        </text>
        <text name="info8">
            <text>BS-X: The Story of The Town Whose Name Was Stolen.</text>
        </text>
    </view>
</theme>