<theme>
    <view name="system">
        <text name="info1">
            <text>Steam is a digital game distribution service launched</text>
        </text>
        <text name="info2">
            <text>by Valve in 2003.</text>
        </text>
        <text name="info3">
            <text>It's by far the largest distribution service for PC</text>
        </text>
        <text name="info4">
            <text>gaming with tens of thousands of games in its library.</text>
        </text>
        <text name="info5">
            <text>A lot of classic games are also distributed via Steam,</text>
        </text>
        <text name="info6">
            <text>some updated to work on modern hardware, and some</text>
        </text>
        <text name="info7">
            <text>running in a bundled emulator.</text>
        </text>
    </view>
</theme>