<theme>
    <view name="system">
        <text name="info1">
            <text>Stratagus is an open-source game engine used to build real-time</text>
        </text>
        <text name="info2">
            <text>strategy games. The engine is written in C++ and uses the Lua</text>
        </text>
        <text name="info3">
            <text>language for implementing actual game logic. Among other</text>
        </text>
        <text name="info4">
            <text>features it supports playing over the Internet or via LAN.</text>
        </text>
    </view>
</theme>