<theme>
    <view name="system">
        <text name="info1">
            <text>Manufacturer:  Bandai</text>
        </text>
        <text name="info2">
            <text>Released:  1996</text>
        </text>
        <text name="info3">
            <text>Media:  SuFami Turbo Application Cartridge +  Game Cartridges</text>
        </text>
        <text name="info5">
            <text>Bandai's SuFami Turbo gave developers cheaper ways to produce and</text>
        </text>
        <text name="info6">
            <text>release a small handful of Super Famicom games.</text>
        </text>
        <text name="info7">
            <text>The two cartridge slots are designed to share data between the games.</text>
        </text>
        <text name="info8">
            <text>Slot A will be played, while slot B supplies additional data.</text>
        </text>
    </view>
</theme>