<theme>
    <view name="system">
        <text name="info1">
            <text>Author:  Vadim Grigoruk</text>
        </text>
        <text name="info2">
            <text>Initial release:  2017</text>
        </text>
        <text name="info3">
            <text>Website:  https://tic.computer/</text>
        </text>
        <text name="info4">
            <text>TIC-80 is a fantasy computer for making, playing and sharing tiny games.</text>
        </text>
        <text name="info5">
            <text>Built-in features:  Code editor, Sprite Editor, Tile Map Editor, SFX Editor</text>
        </text>
        <text name="info6">
            <text>Graphics:  256 8×8 foreground sprites, 256 8×8 background tiles</text>
        </text>
        <text name="info7">
            <text>Resolution:  240×136 pixels, 16 color palette</text>
        </text>
        <text name="info8">
            <text>Sound:  4 channels (with editable waveform envelopes)</text>
        </text>
    </view>
</theme>