<theme>
    <view name="system">
        <text name="info1">
            <text>Manufacturer:  General Consumer Electronics</text>
        </text>
        <text name="info2">
            <text>Released:  1982</text>
        </text>
        <text name="info3">
            <text>CPU:  Motorola MC68A09 @ 1.5 MHz</text>
        </text>
        <text name="info4">
            <text>RAM:  1 KB (two 4-bit 2114 chips)</text>
        </text>
        <text name="info5">
            <text>ROM:  8 KB (one 8-bit 2363 chip)</text>
        </text>
        <text name="info6">
            <text>Display:  Built-in 9-inch monochrome CRT</text>
        </text>
        <text name="info7">
            <text>Sound:  General Instrument AY-3-8912</text>
        </text>
        <text name="info8">
            <text>Media:  32 KB cartridge</text>
        </text>
    </view>
</theme>