<theme>
    <view name="system">
        <text name="info1">
            <text>Manufacturer:  Commodore Business Machines</text>
        </text>
        <text name="info2">
            <text>Released:  1980</text>
        </text>
        <text name="info3">
            <text>Units sold:  2.5 million</text>
        </text>
        <text name="info4">
            <text>OS:  Commodore KERNAL / Commodore BASIC 2.0</text>
        </text>
        <text name="info5">
            <text>CPU:  MOS 6502 @ 1.108 MHz (PAL) / 1.02 MHz (NTSC)</text>
        </text>
        <text name="info6">
            <text>RAM:  5 KB (expandable to 32 KB)</text>
        </text>
        <text name="info7">
            <text>ROM:  20 KB</text>
        </text>
        <text name="info8">
            <text>Graphics:  MOS Technology VIC</text>
        </text>
        <text name="info9">
            <text>Resolution:  176×184 pixels, 16 colors</text>
        </text>
        <text name="info10">
            <text>Sound:  3 x pulse wave generators + white noise</text>
        </text>
    </view>
</theme>