<theme>
    <view name="system">
        <text name="info1">
            <text>Developer:  Sinclair Research</text>
        </text>
        <text name="info2">
            <text>Manufacturer:  Timex Corporation</text>
        </text>
        <text name="info3">
            <text>Released:  1981</text>
        </text>
        <text name="info4">
            <text>Units sold:  1.5+ million</text>
        </text>
        <text name="info5">
            <text>CPU:  8-bit Zilog Z80 @ 3.25 MHz</text>
        </text>
        <text name="info6">
            <text>RAM:  1 KB (64 KB max. / 56 KB usable)</text>
        </text>
        <text name="info7">
            <text>Graphics:  24 lines x 32 characters or 64×48 pixels graphics mode</text>
        </text>
        <text name="info8">
            <text>Display:  Monochrome on UHF television</text>
        </text>
        <text name="info8">
            <text>Media:  External cassette recorder at 250 baud</text>
        </text>

    </view>
</theme>